{"loss": [2.5251593589782715, 1.2199089527130127, 0.7349188327789307, 0.42797064781188965, 0.2460603415966034, 0.1841396540403366, 0.18579263985157013, 0.17368105053901672, 0.09142868965864182, 0.12751154601573944, 0.12909623980522156, 0.09432729333639145, 0.04880872368812561, 0.03256181254982948, 0.010291289538145065, 0.02780328504741192, 0.13378268480300903, 0.10400531440973282, 0.19798250496387482, 0.08639705926179886, 0.09371714293956757, 0.09662780910730362, 0.05990735813975334, 0.013336694799363613, 0.02181331440806389, 0.09099435806274414, 0.07167233526706696, 0.04408670589327812, 0.061572376638650894, 0.08930055052042007, 0.04682391509413719, 0.05985048785805702], "accuracy": [0.35970696806907654, 0.5789377093315125, 0.7652014493942261, 0.865201473236084, 0.9221611618995667, 0.946886420249939, 0.9483516216278076, 0.9560439586639404, 0.9725274443626404, 0.9664835333824158, 0.9637362360954285, 0.9741758108139038, 0.9862637519836426, 0.9895604252815247, 0.9974358677864075, 0.9921245574951172, 0.9677655696868896, 0.9756410121917725, 0.9573259949684143, 0.980402946472168, 0.9767399430274963, 0.9789377450942993, 0.9844322204589844, 0.9963369965553284, 0.9945054650306702, 0.9758241772651672, 0.98369961977005, 0.9912087917327881, 0.9875457882881165, 0.9820512533187866, 0.9893772602081299, 0.9884615540504456], "val_loss": [1.5802459716796875, 1.9623234272003174, 3.0570015907287598, 3.097447633743286, 4.041539669036865, 4.503366947174072, 4.911947250366211, 4.595560550689697, 4.650872707366943, 4.848592281341553, 6.108914375305176, 5.530867099761963, 4.946425437927246, 6.4643731117248535, 7.388645648956299, 6.650413990020752, 6.363076210021973, 8.166243553161621, 5.222384452819824, 6.862573146820068, 7.58786678314209, 7.4689226150512695, 8.163159370422363, 8.140889167785645, 8.592872619628906, 8.99829387664795, 7.4034810066223145, 7.947298526763916, 7.69436502456665, 8.924932479858398, 8.914451599121094, 8.175933837890625], "val_accuracy": [0.46711352467536926, 0.4733975827693939, 0.43066611886024475, 0.4759112000465393, 0.48428991436958313, 0.4377880096435547, 0.43192291259765625, 0.45328864455223083, 0.4784247875213623, 0.4851277768611908, 0.444909930229187, 0.45370757579803467, 0.4784247875213623, 0.47633013129234314, 0.49266862869262695, 0.46166735887527466, 0.4285714328289032, 0.4193548262119293, 0.45622119307518005, 0.4625052511692047, 0.452869713306427, 0.476749062538147, 0.4382069408893585, 0.4612484276294708, 0.4595726728439331, 0.4423963129520416, 0.43485546112060547, 0.43988269567489624, 0.4566401243209839, 0.4222874045372009, 0.452869713306427, 0.47255969047546387]}